LINE,SUM
SM1,24.940000000000005
SM4,30.230000000000004
